Body Angle,Head Angle,Distance,Signal Strength
40,20,0,3248
141,20,0,3237
142,20,0,3242
143,20,0,3236
136,20,0,3260
137,20,0,3251
138,20,0,3257
139,20,0,3247
140,20,0,3248
141,20,0,3237
142,20,0,3242
143,20,0,3236
144,20,150,256
93,0,0,3255
94,0,0,3256
95,0,0,3262
96,0,0,3259
97,0,0,3249
98,0,0,3251
99,0,0,3251
100,0,0,3255
101,0,0,3260
102,0,0,3266
103,0,0,3257
104,0,0,3252
105,0,0,3261
106,0,0,3258
107,0,0,3260
108,0,0,3252
109,0,0,3252
110,0,0,3258
111,0,0,3252
112,0,0,3254
113,0,0,3255
114,0,0,3246
115,0,0,3263
116,0,0,3252
117,0,0,3254
118,0,0,3257
119,0,0,3239
120,0,0,3253
121,0,0,3255
122,0,0,3257
123,0,0,3247
124,0,0,3248
125,0,0,3253
126,0,0,3250
127,0,0,3233
128,0,0,3246
129,0,0,3238
130,0,0,3241
131,0,0,3260
132,0,0,3251
133,0,0,3254
134,0,0,3246
135,0,0,3250
136,0,0,3241
137,0,0,3246
138,0,0,3248
139,0,0,3242
140,0,0,3244
141,0,0,3240
142,0,0,3245
143,0,0,3249
144,0,0,3250
145,0,0,3245
146,0,0,3244
147,0,0,3241
148,0,0,3236
149,0,0,3244
150,0,0,3247
151,0,0,3243
152,0,0,3254
153,0,0,3254
154,0,0,3267
155,0,0,3243
156,0,0,3262
157,0,0,3254
158,0,0,3260
159,0,0,3262
160,0,0,3260
161,0,0,3258
162,0,0,3262
163,0,0,3254
164,0,0,3259
165,0,0,3263
166,0,0,3259
167,0,0,3262
168,0,0,3259
169,0,0,3256
170,0,0,3260
171,0,0,3263
172,0,0,3267
173,0,0,3269
174,0,0,3266
175,0,0,3268
176,0,0,3261
177,0,0,3248
178,0,0,3256
179,0,0,3260
180,0,0,3266
180,10,0,3266
179,10,0,3253
178,10,0,3262
177,10,0,3261
176,10,0,3265
175,10,0,3257
174,10,0,3254
173,10,0,3275
172,10,0,3264
171,10,0,3266
170,10,0,3265
169,10,0,3261
168,10,0,3257
167,10,0,3259
166,10,0,3267
165,10,0,3262
164,10,0,3279
163,10,0,3272
162,10,0,3266
161,10,0,3266
160,10,0,3261
159,10,0,3270
158,10,0,3268
157,10,0,3270
156,10,0,3268
155,10,0,3279
154,10,0,3262
153,10,0,3269
152,10,0,3270
151,10,0,3273
150,10,0,3269
149,10,0,3272
148,10,0,3265
147,10,0,3267
146,10,0,3266
145,10,0,3281
144,10,0,3256
143,10,0,3259
142,10,0,3262
141,10,0,3261
140,10,0,3265
139,10,0,3252
138,10,0,3257
137,10,0,3259
136,10,0,3266
135,10,0,3263
134,10,0,3259
133,10,0,3263
132,10,0,3265
131,10,0,3264
130,10,0,3261
129,10,0,3267
128,10,0,3260
127,10,0,3259
126,10,0,3272
125,10,0,3271
124,10,0,3261
123,10,0,3250
122,10,0,3258
121,10,0,3263
120,10,0,3273
119,10,0,3268
118,10,0,3250
117,10,0,3258
116,10,0,3262
115,10,0,3259
114,10,0,3262
113,10,0,3271
112,10,0,3260
111,10,0,3264
110,10,0,3263
109,10,0,3268
108,10,0,3265
107,10,0,3262
106,10,0,3271
105,10,0,3262
104,10,0,3263
103,10,0,3257
102,10,0,3267
101,10,0,3258
100,10,0,3255
99,10,0,3265
98,10,0,3262
97,10,0,3266
96,10,0,3272
95,10,0,3261
94,10,0,3261
93,10,0,3261
92,10,0,3267
91,10,0,3263
90,10,0,3265
89,10,0,3269
88,10,0,3261
87,10,0,3267
86,10,0,3273
85,10,0,3267
84,10,0,3255
83,10,0,3260
82,10,0,3266
81,10,0,3264
80,10,0,3266
79,10,0,3268
78,10,0,3267
77,10,0,3263
76,10,0,3267
75,10,0,3269
74,10,0,3272
73,10,0,3278
72,10,0,3268
71,10,0,3272
70,10,0,3276
69,10,0,3275
68,10,0,3272
67,10,0,3276
66,10,0,3272
65,10,0,3264
64,10,0,3260
63,10,0,3268
62,10,0,3266
61,10,0,3270
60,10,0,3263
59,10,0,3267
58,10,0,3266
57,10,0,3281
56,10,0,3270
55,10,0,3262
54,10,0,3269
53,10,0,3263
52,10,0,3270
51,10,0,3267
50,10,0,3259
49,10,0,3264
48,10,0,3263
47,10,0,3265
46,10,0,3264
45,10,0,3271
44,10,0,3256
43,10,0,3269
42,10,0,3266
41,10,0,3257
40,10,0,3262
39,10,0,3266
38,10,0,3271
37,10,0,3271
36,10,0,3276
35,10,0,3275
34,10,0,3266
33,10,0,3272
32,10,0,3281
31,10,0,3270
30,10,0,3255
29,10,0,3270
28,10,0,3268
27,10,0,3260
26,10,0,3267
25,10,0,3260
24,10,0,3271
23,10,0,3265
22,10,0,3260
21,10,0,3262
20,10,0,3255
19,10,0,3252
18,10,0,3263
17,10,0,3268
16,10,0,3258
15,10,0,3250
14,10,0,3254
13,10,0,3256
12,10,0,3256
11,10,0,3269
10,10,0,3263
9,10,0,3252
8,10,0,3262
7,10,0,3261
6,10,0,3253
5,10,0,3248
4,10,0,3252
3,10,0,3258
2,10,0,3261
1,10,0,3262
0,10,0,3261
0,20,0,3260
1,20,0,3258
2,20,0,3264
3,20,0,3253
4,20,0,3257
5,20,0,3271
6,20,0,3263
7,20,0,3258
8,20,0,3266
9,20,0,3258
10,20,0,3259
11,20,0,3277
12,20,0,3254
13,20,0,3257
14,20,0,3247
15,20,0,3263
16,20,0,3270
17,20,0,3253
18,20,0,3263
19,20,0,3263
20,20,0,3254
21,20,0,3248
22,20,0,3258
23,20,0,3262
24,20,0,3248
25,20,0,3252
26,20,0,3258
27,20,0,3260
28,20,0,3250
29,20,0,3260
30,20,0,3263
31,20,0,3259
32,20,0,3260
33,20,0,3257
34,20,0,3256
35,20,0,3258
36,20,0,3259
37,20,0,3269
38,20,0,3268
39,20,0,3270
40,20,0,3262
41,20,0,3256
42,20,0,3260
43,20,0,3261
44,20,0,3267
45,20,0,3267
46,20,0,3270
47,20,0,3255
48,20,0,3259
49,20,0,3270
50,20,0,3267
51,20,0,3271
52,20,0,3275
53,20,0,3271
54,20,0,3279
55,20,0,3276
56,20,0,3268
57,20,0,3266
58,20,0,3266
59,20,0,3259
60,20,0,3266
61,20,0,3267
62,20,0,3269
63,20,0,3264
64,20,0,3264
65,20,0,3280
66,20,0,3263
67,20,0,3265
68,20,0,3272
69,20,0,3266
70,20,0,3260
71,20,0,3269
72,20,0,3277
73,20,0,3258
74,20,0,3279
75,20,0,3268
76,20,0,3260
77,20,0,3259
78,20,0,3266
79,20,0,3263
80,20,0,3262
81,20,0,3264
82,20,0,3271
83,20,0,3269
84,20,0,3268
85,20,0,3272
86,20,0,3272
87,20,0,3262
88,20,0,3258
89,20,0,3260
90,20,0,3258
91,20,0,3248
92,20,0,3257
93,20,0,3262
94,20,0,3260
95,20,0,3258
96,20,0,3258
97,20,0,3253
98,20,0,3250
99,20,0,3256
100,20,0,3257
101,20,0,3251
102,20,0,3265
103,20,0,3270
104,20,0,3262
105,20,0,3277
106,20,0,3265
107,20,0,3259
108,20,0,3268
109,20,0,3269
110,20,0,3278
111,20,0,3278
112,20,0,3273
113,20,0,3279
114,20,0,3275
115,20,0,3279
116,20,0,3274
117,20,0,3279
118,20,0,3286
119,20,0,3270
120,20,0,3284
121,20,0,3276
122,20,0,3268
123,20,0,3279
124,20,0,3281
125,20,0,3287
126,20,0,3282
127,20,0,3268
128,20,0,3273
129,20,0,3271
130,20,0,3276
131,20,0,3280
132,20,0,3273
133,20,0,3262
134,20,0,3271
135,20,0,3284
136,20,0,3275
137,20,0,3268
138,20,0,3262
139,20,0,3275
140,20,0,3274
141,20,0,3291
142,20,0,3276
143,20,0,3281
144,20,0,3275
145,20,0,3276
146,20,0,3280
147,20,0,3273
148,20,0,3278
149,20,0,3280
150,20,0,3277
151,20,0,3272
152,20,0,3272
153,20,0,3275
154,20,0,3269
155,20,0,3285
156,20,0,3271
157,20,0,3268
158,20,0,3274
159,20,0,3268
160,20,0,3272
161,20,0,3268
162,20,0,3268
163,20,0,3272
164,20,0,3268
165,20,0,3279
166,20,0,3274
167,20,0,3282
168,20,0,3282
169,20,0,3285
170,20,0,3278
171,20,0,3284
172,20,0,3282
173,20,0,3293
174,20,0,3274
175,20,0,3273
176,20,0,3277
177,20,0,3279
178,20,0,3282
179,20,0,3273
180,20,0,3266
180,30,0,3274
179,30,0,3278
178,30,0,3276
177,30,0,3279
176,30,0,3267
175,30,0,3271
174,30,0,3282
173,30,0,3272
172,30,0,3281
171,30,0,3274
170,30,0,3276
169,30,0,3285
168,30,0,3280
167,30,0,3277
166,30,0,3285
165,30,0,3273
164,30,0,3269
163,30,0,3276
162,30,0,3280
161,30,0,3272
160,30,0,3264
159,30,0,3266
158,30,0,3256
157,30,0,3272
156,30,0,3280
155,30,0,3275
154,30,0,3272
153,30,0,3285
152,30,0,3279
151,30,0,3271
150,30,0,3275
149,30,0,3281
148,30,0,3279
147,30,0,3279
146,30,0,3279
145,30,0,3281
144,30,0,3280
143,30,0,3280
142,30,0,3281
141,30,0,3280
140,30,0,3275
139,30,0,3279
138,30,0,3275
137,30,0,3275
136,30,0,3269
135,30,0,3274
134,30,0,3284
133,30,0,3282
132,30,0,3280
131,30,0,3273
130,30,0,3276
129,30,0,3270
128,30,0,3278
127,30,0,3281
126,30,0,3265
125,30,0,3276
124,30,0,3267
123,30,0,3274
122,30,0,3278
121,30,0,3273
120,30,0,3275
119,30,0,3279
118,30,0,3276
117,30,0,3270
116,30,0,3279
115,30,0,3270
114,30,0,3276
113,30,0,3271
112,30,0,3280
111,30,0,3269
110,30,0,3268
109,30,0,3272
108,30,0,3274
107,30,0,3268
106,30,0,3267
105,30,0,3264
104,30,0,3272
103,30,0,3273
102,30,0,3270
101,30,0,3266
100,30,0,3276
99,30,0,3274
98,30,0,3264
97,30,0,3269
96,30,0,3278
95,30,0,3275
94,30,0,3273
93,30,0,3272
92,30,0,3277
91,30,0,3278
90,30,0,3282
89,30,0,3287
88,30,0,3285
87,30,0,3277
86,30,0,3289
85,30,0,3281
84,30,0,3284
83,30,0,3280
82,30,0,3281
81,30,0,3273
80,30,0,3278
79,30,0,3273
78,30,0,3281
77,30,0,3277
76,30,0,3292
75,30,0,3287
74,30,0,3284
73,30,0,3279
72,30,0,3283
71,30,0,3285
70,30,0,3275
69,30,0,3285
68,30,0,3281
67,30,0,3279
66,30,0,3277
65,30,0,3276
64,30,0,3273
63,30,0,3293
62,30,0,3286
61,30,0,3282
60,30,0,3273
59,30,0,3284
58,30,0,3280
57,30,0,3275
56,30,0,3280
55,30,0,3282
54,30,0,3275
53,30,0,3280
52,30,0,3274
51,30,0,3279
50,30,0,3279
49,30,0,3285
48,30,0,3275
47,30,0,3269
46,30,0,3280
45,30,0,3278
44,30,0,3266
43,30,0,3281
42,30,0,3286
41,30,0,3273
40,30,0,3274
39,30,0,3280
38,30,0,3282
37,30,0,3272
36,30,0,3281
35,30,0,3284
34,30,0,3280
33,30,0,3273
32,30,0,3275
31,30,0,3283
30,30,0,3287
29,30,0,3278
28,30,0,3274
27,30,0,3280
26,30,0,3276
25,30,0,3279
24,30,0,3274
23,30,0,3265
22,30,0,3289
21,30,0,3277
20,30,0,3277
19,30,0,3282
18,30,0,3283
17,30,0,3278
16,30,0,3276
15,30,0,3280
14,30,0,3279
13,30,0,3273
12,30,0,3280
11,30,0,3282
10,30,0,3283
9,30,0,3289
8,30,0,3277
7,30,0,3276
6,30,0,3275
5,30,0,3281
4,30,0,3281
3,30,0,3290
2,30,0,3284
1,30,0,3284
0,30,0,3277
0,40,0,3282
1,40,0,3285
2,40,0,3283
3,40,0,3287
4,40,0,3286
5,40,0,3277
6,40,0,3270
7,40,0,3278
8,40,0,3276
9,40,0,3280
10,40,0,3279
11,40,0,3280
12,40,0,3282
13,40,0,3279
14,40,0,3279
15,40,0,3277
16,40,0,3280
17,40,0,3272
18,40,0,3275
19,40,0,3278
20,40,0,3279
21,40,0,3284
22,40,0,3284
23,40,0,3290
24,40,0,3285
25,40,0,3282
26,40,0,3288
27,40,0,3280
28,40,0,3285
29,40,0,3284
30,40,0,3277
31,40,0,3292
32,40,0,3288
33,40,0,3288
34,40,0,3278
35,40,0,3285
36,40,0,3280
37,40,0,3283
38,40,0,3282
39,40,0,3279
40,40,0,3279
41,40,0,3278
42,40,0,3285
43,40,0,3281
44,40,0,3295
45,40,0,3295
46,40,0,3289
47,40,0,3299
48,40,0,3282
49,40,0,3288
50,40,0,3283
51,40,0,3285
52,40,0,3285
53,40,0,3285
54,40,0,3282
55,40,0,3285
56,40,0,3283
57,40,0,3302
58,40,0,3284
59,40,0,3293
60,40,0,3292
61,40,0,3290
62,40,0,3285
63,40,0,3278
64,40,0,3291
65,40,0,3300
66,40,0,3287
67,40,0,3296
68,40,0,3287
69,40,0,3289
70,40,0,3290
71,40,0,3289
72,40,0,3283
73,40,0,3289
74,40,0,3283
75,40,0,3287
76,40,0,3285
77,40,0,3283
78,40,0,3282
79,40,0,3284
80,40,0,3290
81,40,0,3289
82,40,0,3276
83,40,0,3278
84,40,0,3281
85,40,0,3290
86,40,0,3281
87,40,0,3288
88,40,0,3282
89,40,0,3276
90,40,0,3275
91,40,0,3286
92,40,0,3275
93,40,0,3294
94,40,0,3282
95,40,0,3281
96,40,0,3278
97,40,0,3279
98,40,0,3278
99,40,0,3283
100,40,0,3279
101,40,0,3286
102,40,0,3282
103,40,0,3293
104,40,0,3291
105,40,0,3285
106,40,0,3286
107,40,0,3285
108,40,0,3287
109,40,0,3289
110,40,0,3289
111,40,0,3292
112,40,0,3292
113,40,0,3287
114,40,0,3299
115,40,0,3292
116,40,0,3295
117,40,0,3295
118,40,0,3292
119,40,0,3295
120,40,0,3291
121,40,0,3298
122,40,0,3277
123,40,0,3281
124,40,0,3290
125,40,0,3290
126,40,0,3285
127,40,0,3296
128,40,0,3291
129,40,0,3295
130,40,0,3290
131,40,0,3295
132,40,0,3292
133,40,0,3298
134,40,0,3295
135,40,0,3284
136,40,0,3284
137,40,0,3288
138,40,0,3284
139,40,0,3295
140,40,0,3289
141,40,0,3296
142,40,0,3291
143,40,0,3293
144,40,0,3290
145,40,0,3290
146,40,0,3290
147,40,0,3288
148,40,0,3281
149,40,0,3285
150,40,0,3288
151,40,0,3286
152,40,0,3283
153,40,0,3284
154,40,0,3287
155,40,0,3281
156,40,0,3273
157,40,0,3288
158,40,0,3284
159,40,0,3285
160,40,0,3289
161,40,0,3287
162,40,0,3283
163,40,0,3298
164,40,0,3289
165,40,0,3292
166,40,0,3285
167,40,0,3281
168,40,0,3280
169,40,0,3287
170,40,0,3284
171,40,0,3288
172,40,0,3299
173,40,0,3287
174,40,0,3291
175,40,0,3295
176,40,0,3291
177,40,0,3289
178,40,0,3299
179,40,0,3298
180,40,0,3295
180,50,0,3293
179,50,0,3292
178,50,0,3292
177,50,0,3289
176,50,0,3292
175,50,0,3295
174,50,0,3293
173,50,0,3296
172,50,0,3297
171,50,0,3289
170,50,0,3288
169,50,0,3290
168,50,0,3290
167,50,0,3299
166,50,0,3299
165,50,0,3289
164,50,0,3296
163,50,0,3294
162,50,0,3298
161,50,0,3284
160,50,0,3286
159,50,0,3289
158,50,0,3290
157,50,0,3292
156,50,0,3283
155,50,0,3290
154,50,0,3289
153,50,0,3291
152,50,0,3298
151,50,0,3290
150,50,0,3288
149,50,0,3289
148,50,0,3290
147,50,0,3289
146,50,0,3288
145,50,0,3285
144,50,0,3294
143,50,0,3296
142,50,0,3292
141,50,0,3283
140,50,0,3295
139,50,0,3300
138,50,0,3293
137,50,0,3295
136,50,0,3298
135,50,0,3291
134,50,0,3306
133,50,0,3286
132,50,0,3301
131,50,0,3291
130,50,0,3287
129,50,0,3290
128,50,0,3288
127,50,0,3285
126,50,0,3292
125,50,0,3278
124,50,0,3287
123,50,0,3276
122,50,0,3284
121,50,0,3302
120,50,0,3286
119,50,0,3284
118,50,0,3287
117,50,0,3283
116,50,0,3292
115,50,0,3288
114,50,0,3281
113,50,0,3281
112,50,0,3288
111,50,0,3283
110,50,0,3289
109,50,0,3286
108,50,0,3288
107,50,0,3285
106,50,0,3286
105,50,0,3294
104,50,0,3296
103,50,0,3290
102,50,0,3290
101,50,0,3289
100,50,0,3287
99,50,0,3296
98,50,0,3291
97,50,0,3297
96,50,0,3296
95,50,0,3282
94,50,0,3286
93,50,0,3292
92,50,0,3296
91,50,0,3292
90,50,0,3291
89,50,0,3284
88,50,0,3297
87,50,0,3292
86,50,0,3282
85,50,0,3285
84,50,0,3299
83,50,0,3291
82,50,0,3279
81,50,0,3284
80,50,0,3294
79,50,0,3301
78,50,0,3304
77,50,0,3304
76,50,0,3307
75,50,0,3299
74,50,0,3306
73,50,0,3303
72,50,0,3297
71,50,0,3302
70,50,0,3307
69,50,0,3303
68,50,0,3300
67,50,0,3305
66,50,0,3295
65,50,0,3294
64,50,0,3292
63,50,0,3287
62,50,0,3291
61,50,0,3296
60,50,0,3288
59,50,0,3283
58,50,0,3281
57,50,0,3288
56,50,0,3283
55,50,0,3286
54,50,0,3287
53,50,0,3281
52,50,0,3293
51,50,0,3292
50,50,0,3281
49,50,0,3286
48,50,0,3289
47,50,0,3284
46,50,0,3294
45,50,0,3284
44,50,0,3285
43,50,0,3288
42,50,0,3287
41,50,0,3290
40,50,0,3285
39,50,0,3285
38,50,0,3292
37,50,0,3287
36,50,0,3287
35,50,0,3283
34,50,0,3282
33,50,0,3298
32,50,0,3296
31,50,0,3294
30,50,0,3291
29,50,0,3303
28,50,0,3285
27,50,0,3302
26,50,0,3305
25,50,0,3298
24,50,0,3299
23,50,0,3297
22,50,0,3294
21,50,0,3298
20,50,0,3303
19,50,0,3303
18,50,0,3303
17,50,0,3291
16,50,0,3304
15,50,0,3295
14,50,0,3295
13,50,0,3306
12,50,0,3299
11,50,0,3297
10,50,0,3295
9,50,0,3302
8,50,0,3294
7,50,0,3294
6,50,0,3303
5,50,0,3301
4,50,0,3293
3,50,0,3300
2,50,0,3298
1,50,0,3298
0,50,0,3297
0,60,0,3294
1,60,0,3293
2,60,0,3291
3,60,0,3295
4,60,0,3294
5,60,0,3287
6,60,0,3302
7,60,0,3289
8,60,0,3286
9,60,0,3302
10,60,0,3306
11,60,0,3312
12,60,0,3301
13,60,0,3297
14,60,0,3297
15,60,0,3299
16,60,0,3296
17,60,0,3290
18,60,0,3295
19,60,0,3299
20,60,0,3305
21,60,0,3296
22,60,0,3298
23,60,0,3302
24,60,0,3289
25,60,0,3301
26,60,0,3301
27,60,0,3297
28,60,0,3297
29,60,0,3304
30,60,0,3308
31,60,0,3292
32,60,0,3302
33,60,0,3308
34,60,0,3299
35,60,0,3311
36,60,0,3300
37,60,0,3312
38,60,0,3303
39,60,0,3308
40,60,0,3307
41,60,0,3301
42,60,0,3307
43,60,0,3306
44,60,0,3299
45,60,0,3303
46,60,0,3296
47,60,0,3288
48,60,0,3299
49,60,0,3296
50,60,0,3297
51,60,0,3292
52,60,0,3293
53,60,0,3296
54,60,0,3304
55,60,0,3296
56,60,0,3302
57,60,0,3289
58,60,0,3300
59,60,0,3304
60,60,0,3301
61,60,0,3296
62,60,0,3310
63,60,0,3298
64,60,0,3300
65,60,0,3298
66,60,0,3294
67,60,0,3291
68,60,0,3298
69,60,0,3300
70,60,0,3303
71,60,0,3290
72,60,0,3291
73,60,0,3290
74,60,0,3285
75,60,0,3282
76,60,0,3292
77,60,0,3288
78,60,0,3294
79,60,0,3291
80,60,0,3295
81,60,0,3288
82,60,0,3293
83,60,0,3287
84,60,0,3292
85,60,0,3292
86,60,0,3286
87,60,0,3278
88,60,0,3289
89,60,0,3286
90,60,0,3287
91,60,0,3285
92,60,0,3297
93,60,0,3295
94,60,0,3291
95,60,0,3301
96,60,0,3301
97,60,0,3288
98,60,0,3291
99,60,0,3292
100,60,0,3302
101,60,0,3294
102,60,0,3298
103,60,0,3297
104,60,0,3292
105,60,0,3303
106,60,0,3297
107,60,0,3304
108,60,0,3293
109,60,0,3297
110,60,0,3300
111,60,0,3300
112,60,0,3294
113,60,0,3297
114,60,0,3296
115,60,0,3294
116,60,0,3288
117,60,0,3287
118,60,0,3285
119,60,0,3291
120,60,0,3290
121,60,0,3291
122,60,0,3298
123,60,0,3296
124,60,0,3297
125,60,0,3299
126,60,0,3299
127,60,0,3289
128,60,0,3295
129,60,0,3303
130,60,0,3287
131,60,0,3296
132,60,0,3304
133,60,0,3303
134,60,0,3303
135,60,0,3297
136,60,0,3304
137,60,0,3300
138,60,0,3301
139,60,0,3287
140,60,0,3288
141,60,0,3302
142,60,0,3296
143,60,0,3297
144,60,0,3299
145,60,0,3297
146,60,0,3302
147,60,0,3298
148,60,0,3300
149,60,0,3293
150,60,0,3297
151,60,0,3298
152,60,0,3304
153,60,0,3293
154,60,0,3308
155,60,0,3303
156,60,0,3304
157,60,0,3292
158,60,0,3300
159,60,0,3296
160,60,0,3292
161,60,0,3294
162,60,0,3298
163,60,0,3292
164,60,0,3305
165,60,0,3309
166,60,0,3292
167,60,0,3289
168,60,0,3306
169,60,0,3300
170,60,0,3312
171,60,0,3299
172,60,0,3301
173,60,0,3300
174,60,0,3289
175,60,0,3295
176,60,0,3284
177,60,0,3291
178,60,0,3289
179,60,0,3295
180,60,0,3293
180,70,0,3297
179,70,0,3300
178,70,0,3294
177,70,0,3292
176,70,0,3295
175,70,0,3292
174,70,0,3294
173,70,0,3298
172,70,0,3305
171,70,0,3294
170,70,0,3290
169,70,0,3287
168,70,0,3293
167,70,0,3294
166,70,0,3286
165,70,0,3294
164,70,0,3301
163,70,0,3306
162,70,0,3294
161,70,0,3296
160,70,0,3295
159,70,0,3301
158,70,0,3305
157,70,0,3302
156,70,0,3300
155,70,0,3305
154,70,0,3296
153,70,0,3301
152,70,0,3291
151,70,0,3298
150,70,0,3302
149,70,0,3300
148,70,0,3296
147,70,0,3293
146,70,0,3295
145,70,0,3289
144,70,0,3289
143,70,0,3287
142,70,0,3296
141,70,0,3289
140,70,0,3283
139,70,0,3295
138,70,0,3293
137,70,0,3289
136,70,0,3292
135,70,0,3296
134,70,0,3287
133,70,0,3291
132,70,0,3286
131,70,0,3292
130,70,0,3290
129,70,0,3296
128,70,0,3288
127,70,0,3287
126,70,0,3288
125,70,0,3291
124,70,0,3288
123,70,0,3289
122,70,0,3290
121,70,0,3297
120,70,0,3303
119,70,0,3292
118,70,0,3294
117,70,0,3294
116,70,0,3295
115,70,0,3303
114,70,0,3295
113,70,0,3301
112,70,0,3292
111,70,0,3294
110,70,0,3306
109,70,0,3293
108,70,0,3296
107,70,0,3299
106,70,0,3292
105,70,0,3286
104,70,0,3293
103,70,0,3299
102,70,0,3294
101,70,0,3292
100,70,0,3295
99,70,0,3299
98,70,0,3297
97,70,0,3307
96,70,0,3296
95,70,0,3301
94,70,0,3294
93,70,0,3306
92,70,0,3300
91,70,0,3298
90,70,0,3301
89,70,0,3288
88,70,0,3306
87,70,0,3291
86,70,0,3299
85,70,0,3291
84,70,0,3299
83,70,0,3298
82,70,0,3293
81,70,0,3296
80,70,0,3295
79,70,0,3308
78,70,0,3298
77,70,0,3291
76,70,0,3296
75,70,0,3291
74,70,0,3301
73,70,0,3304
72,70,0,3287
71,70,0,3298
70,70,0,3294
69,70,0,3288
68,70,0,3288
67,70,0,3288
66,70,0,3301
65,70,0,3293
64,70,0,3291
63,70,0,3296
62,70,0,3300
61,70,0,3289
60,70,0,3301
59,70,0,3293
58,70,0,3300
57,70,0,3295
56,70,0,3299
55,70,0,3294
54,70,0,3288
53,70,0,3296
52,70,0,3290
51,70,0,3302
50,70,0,3294
49,70,0,3297
48,70,0,3294
47,70,0,3298
46,70,0,3292
45,70,0,3302
44,70,0,3302
43,70,0,3300
42,70,0,3297
41,70,0,3297
40,70,0,3291
39,70,0,3299
38,70,0,3293
37,70,0,3289
36,70,0,3294
35,70,0,3304
34,70,0,3296
33,70,0,3291
32,70,0,3294
31,70,0,3293
30,70,0,3287
29,70,0,3292
28,70,0,3294
27,70,0,3298
26,70,0,3287
25,70,0,3296
24,70,0,3297
23,70,0,3277
22,70,0,3287
21,70,0,3283
20,70,0,3281
19,70,0,3276
18,70,0,3278
17,70,0,3287
16,70,0,3283
15,70,0,3285
14,70,0,3282
13,70,0,3292
12,70,0,3281
11,70,0,3283
10,70,0,3282
9,70,0,3284
8,70,0,3283
7,70,0,3277
6,70,0,3270
5,70,0,3284
4,70,0,3279
3,70,0,3280
2,70,0,3271
1,70,0,3284
0,70,0,3277
0,80,0,3279
1,80,0,3272
2,80,0,3272
3,80,0,3284
4,80,0,3281
5,80,0,3292
6,80,0,3275
7,80,0,3282
8,80,0,3270
9,80,0,3269
10,80,0,3276
11,80,0,3281
12,80,0,3282
13,80,0,3290
14,80,0,3281
15,80,0,3272
16,80,0,3275
17,80,0,3273
18,80,0,3275
19,80,0,3272
20,80,0,3271
21,80,0,3271
22,80,0,3272
23,80,0,3277
24,80,0,3273
25,80,0,3276
26,80,0,3271
27,80,0,3276
28,80,0,3281
29,80,0,3278
30,80,0,3277
31,80,0,3288
32,80,0,3283
33,80,0,3293
34,80,0,3289
35,80,0,3296
36,80,0,3295
37,80,0,3302
38,80,0,3299
39,80,0,3293
40,80,0,3289
41,80,0,3304
42,80,0,3294
43,80,0,3287
44,80,0,3298
45,80,0,3291
46,80,0,3292
47,80,0,3286
48,80,0,3285
49,80,0,3286
50,80,0,3289
51,80,0,3285
52,80,0,3293
53,80,0,3289
54,80,0,3293
55,80,0,3284
56,80,0,3278
57,80,0,3283
58,80,0,3285
59,80,0,3278
60,80,0,3275
61,80,0,3280
62,80,0,3276
63,80,0,3278
64,80,0,3283
65,80,0,3273
66,80,0,3286
67,80,0,3279
68,80,0,3281
69,80,0,3281
70,80,0,3279
71,80,0,3287
72,80,0,3279
73,80,0,3292
74,80,0,3291
75,80,0,3284
76,80,0,3278
77,80,0,3286
78,80,0,3288
79,80,0,3278
80,80,0,3282
81,80,0,3284
82,80,0,3283
83,80,0,3277
84,80,0,3275
85,80,0,3282
86,80,0,3287
87,80,0,3280
88,80,0,3283
89,80,0,3277
90,80,0,3286
91,80,0,3281
92,80,0,3276
93,80,0,3278
94,80,0,3278
95,80,0,3285
96,80,0,3275
97,80,0,3282
98,80,0,3288
99,80,0,3272
100,80,0,3287
101,80,0,3279
102,80,0,3278
103,80,0,3282
104,80,0,3281
105,80,0,3282
106,80,0,3275
107,80,0,3273
108,80,0,3290
109,80,0,3279
110,80,0,3287
111,80,0,3287
112,80,0,3279
113,80,0,3283
114,80,0,3278
115,80,0,3284
116,80,0,3270
117,80,0,3278
118,80,0,3284
119,80,0,3292
120,80,0,3285
121,80,0,3277
122,80,0,3286
123,80,0,3276
124,80,0,3287
125,80,0,3284
126,80,0,3278
127,80,0,3294
128,80,0,3288
129,80,0,3282
130,80,0,3288
131,80,0,3283
132,80,0,3283
133,80,0,3282
134,80,0,3279
135,80,0,3283
136,80,0,3288
137,80,0,3290
138,80,0,3279
139,80,0,3287
140,80,0,3285
141,80,0,3300
142,80,0,3284
143,80,0,3296
144,80,0,3287
145,80,0,3283
146,80,0,3288
147,80,0,3280
148,80,0,3285
149,80,0,3283
150,80,0,3283
151,80,0,3284
152,80,0,3282
153,80,0,3274
154,80,0,3276
155,80,0,3279
156,80,0,3274
157,80,0,3280
158,80,0,3275
159,80,0,3292
160,80,0,3281
161,80,0,3278
162,80,0,3286
163,80,0,3291
164,80,0,3290
165,80,0,3290
166,80,0,3289
167,80,0,3284
168,80,0,3295
169,80,0,3290
170,80,0,3279
171,80,0,3284
172,80,0,3277
173,80,0,3285
174,80,0,3277
175,80,0,3287
176,80,0,3278
177,80,0,3285
178,80,0,3291
179,80,0,3284
180,80,0,3287
180,70,0,3285
179,70,0,3293
178,70,0,3290
177,70,0,3292
176,70,0,3284
175,70,0,3274
174,70,0,3278
173,70,0,3281
172,70,0,3275
171,70,0,3275
170,70,0,3272
169,70,0,3288
168,70,0,3279
167,70,0,3270
166,70,0,3275
165,70,0,3269
164,70,0,3278
163,70,0,3275
162,70,0,3280
161,70,0,3288
160,70,0,3284
159,70,0,3289
158,70,0,3278
157,70,0,3280
156,70,0,3285
155,70,0,3286
154,70,0,3279
153,70,0,3291
152,70,0,3282
151,70,0,3288
150,70,0,3295
149,70,0,3276
148,70,0,3278
147,70,0,3267
146,70,0,3278
145,70,0,3273
144,70,0,3268
143,70,0,3272
142,70,0,3284
141,70,0,3283
140,70,0,3268
139,70,0,3276
138,70,0,3273
137,70,0,3274
136,70,0,3274
135,70,0,3273
134,70,0,3273
133,70,0,3276
132,70,0,3276
131,70,0,3281
130,70,0,3275
129,70,0,3282
128,70,0,3272
127,70,0,3278
126,70,0,3279
125,70,0,3275
124,70,0,3279
123,70,0,3286
122,70,0,3291
121,70,0,3278
120,70,0,3277
119,70,0,3277
118,70,0,3271
117,70,0,3281
116,70,0,3275
115,70,0,3283
114,70,0,3285
113,70,0,3283
112,70,0,3279
111,70,0,3267
110,70,0,3272
109,70,0,3277
108,70,0,3276
107,70,0,3278
106,70,0,3286
105,70,0,3283
104,70,0,3285
103,70,0,3280
102,70,0,3287
101,70,0,3278
100,70,0,3288
99,70,0,3283
98,70,0,3277
97,70,0,3277
96,70,0,3273
95,70,0,3280
94,70,0,3269
93,70,0,3276
92,70,0,3283
91,70,0,3280
90,70,0,3277
89,70,0,3276
88,70,0,3275
87,70,0,3271
86,70,0,3278
85,70,0,3273
84,70,0,3275
83,70,0,3272
82,70,0,3281
81,70,0,3277
80,70,0,3280
79,70,0,3276
78,70,0,3281
77,70,0,3275
76,70,0,3276
75,70,0,3288
74,70,0,3277
73,70,0,3276
72,70,0,3282
71,70,0,3278
70,70,0,3280
69,70,0,3268
68,70,0,3276
67,70,0,3274
66,70,0,3281
65,70,0,3267
64,70,0,3270
63,70,0,3283
62,70,0,3279
61,70,0,3278
60,70,0,3267
59,70,0,3272
58,70,0,3281
57,70,0,3264
56,70,0,3271
55,70,0,3261
54,70,0,3264
53,70,0,3258
52,70,0,3264
51,70,0,3276
50,70,0,3276
49,70,0,3263
48,70,0,3262
47,70,0,3264
46,70,0,3269
45,70,0,3273
44,70,0,3276
43,70,0,3262
42,70,0,3272
41,70,0,3273
40,70,0,3275
39,70,0,3275
38,70,0,3272
37,70,0,3274
36,70,0,3278
35,70,0,3269
34,70,0,3273
33,70,0,3269
32,70,0,3269
31,70,0,3275
30,70,0,3274
29,70,0,3278
28,70,0,3284
27,70,0,3270
26,70,0,3268
25,70,0,3273
24,70,0,3267
23,70,0,3270
22,70,0,3282
21,70,0,3274
20,70,0,3275
19,70,0,3270
18,70,0,3275
17,70,0,3269
16,70,0,3279
15,70,0,3274
14,70,0,3263
13,70,0,3281
12,70,0,3273
11,70,0,3273
10,70,0,3269
9,70,0,3268
8,70,0,3273
7,70,0,3273
6,70,0,3273
5,70,0,3273
4,70,0,3265
3,70,0,3279
2,70,0,3279
1,70,0,3282
0,70,0,3272
0,60,0,3266
1,60,0,3276
2,60,0,3282
3,60,0,3274
4,60,0,3272
5,60,0,3268
6,60,0,3266
7,60,0,3272
8,60,0,3265
9,60,0,3278
10,60,0,3267
11,60,0,3277
12,60,0,3274
13,60,0,3271
14,60,0,3281
15,60,0,3275
16,60,0,3275
17,60,0,3274
18,60,0,3276
19,60,0,3276
20,60,0,3280
21,60,0,3263
22,60,0,3266
23,60,0,3273
24,60,0,3271
25,60,0,3279
26,60,0,3270
27,60,0,3271
28,60,0,3282
29,60,0,3270
30,60,0,3263
31,60,0,3272
32,60,0,3273
33,60,0,3270
34,60,0,3276
35,60,0,3274
36,60,0,3272
37,60,0,3280
38,60,0,3262
39,60,0,3265
40,60,0,3252
41,60,0,3275
42,60,0,3265
43,60,0,3274
44,60,0,3278
45,60,0,3272
46,60,0,3279
47,60,0,3274
48,60,0,3276
49,60,0,3269
50,60,0,3271
51,60,0,3277
52,60,0,3270
53,60,0,3271
54,60,0,3270
55,60,0,3278
56,60,0,3274
57,60,0,3280
58,60,0,3281
59,60,0,3271
60,60,0,3269
61,60,0,3271
62,60,0,3271
63,60,0,3276
64,60,0,3268
65,60,0,3268
66,60,0,3271
67,60,0,3270
68,60,0,3273
69,60,0,3271
70,60,0,3267
71,60,0,3274
72,60,0,3273
73,60,0,3273
74,60,0,3274
75,60,0,3269
76,60,0,3271
77,60,0,3266
78,60,0,3272
79,60,0,3271
80,60,0,3278
81,60,0,3277
82,60,0,3291
83,60,0,3271
84,60,0,3266
85,60,0,3278
86,60,0,3270
87,60,0,3275
88,60,0,3267
89,60,0,3268
90,60,0,3269
91,60,0,3275
92,60,0,3277
93,60,0,3267
94,60,0,3274
95,60,0,3263
96,60,0,3273
97,60,0,3265
98,60,0,3271
99,60,0,3276
100,60,0,3270
101,60,0,3272
102,60,0,3281
103,60,0,3273
104,60,0,3278
105,60,0,3271
106,60,0,3281
107,60,0,3290
108,60,0,3279
109,60,0,3273
110,60,0,3274
111,60,0,3271
112,60,0,3270
113,60,0,3276
114,60,0,3280
115,60,0,3271
116,60,0,3273
117,60,0,3275
118,60,0,3274
119,60,0,3272
120,60,0,3281
121,60,0,3271
122,60,0,3264
123,60,0,3272
124,60,0,3273
125,60,0,3275
126,60,0,3270
127,60,0,3267
128,60,0,3279
129,60,0,3273
130,60,0,3271
131,60,0,3266
132,60,0,3266
133,60,0,3266
134,60,0,3279
135,60,0,3273
136,60,0,3267
137,60,0,3269
138,60,0,3271
139,60,0,3271
140,60,0,3279
141,60,0,3265
142,60,0,3267
143,60,0,3271
144,60,0,3267
145,60,0,3276
146,60,0,3274
147,60,0,3264
148,60,0,3262
149,60,0,3276
150,60,0,3270
151,60,0,3275
152,60,0,3272
153,60,0,3266
154,60,0,3279
155,60,0,3266
156,60,0,3272
157,60,0,3266
158,60,0,3274
159,60,0,3272
160,60,0,3276
161,60,0,3276
162,60,0,3278
163,60,0,3271
164,60,0,3267
165,60,0,3276
166,60,0,3276
167,60,0,3275
168,60,0,3281
169,60,0,3277
170,60,0,3275
171,60,0,3278
172,60,0,3267
173,60,0,3274
174,60,0,3271
175,60,0,3271
176,60,0,3265
177,60,0,3272
178,60,0,3278
179,60,0,3274
180,60,0,3276
180,50,0,3285
179,50,0,3279
178,50,0,3278
177,50,0,3275
176,50,0,3285
175,50,0,3283
174,50,0,3277
173,50,0,3281
172,50,0,3284
171,50,0,3271
170,50,0,3282
169,50,0,3284
168,50,0,3279
167,50,0,3281
166,50,0,3272
165,50,0,3274
164,50,0,3271
163,50,0,3269
162,50,0,3268
161,50,0,3273
160,50,0,3273
159,50,0,3270
158,50,0,3277
157,50,0,3270
156,50,0,3270
155,50,0,3266
154,50,0,3280
153,50,0,3259
152,50,0,3266
151,50,0,3263
150,50,0,3272
149,50,0,3265
148,50,0,3271
147,50,0,3266
146,50,0,3265
145,50,0,3263
144,50,0,3269
143,50,0,3279
142,50,0,3272
141,50,0,3274
140,50,0,3271
139,50,0,3267
138,50,0,3276
137,50,0,3269
136,50,0,3276
135,50,0,3276
134,50,0,3274
133,50,0,3271
132,50,0,3272
131,50,0,3271
130,50,0,3275
129,50,0,3269
128,50,0,3275
127,50,0,3273
126,50,0,3273
125,50,0,3266
124,50,0,3272
123,50,0,3278
122,50,0,3281
121,50,0,3278
120,50,0,3284
119,50,0,3287
118,50,0,3280
117,50,0,3272
116,50,0,3279
115,50,0,3278
114,50,0,3267
113,50,0,3263
112,50,0,3270
111,50,0,3280
110,50,0,3270
109,50,0,3279
108,50,0,3268
107,50,0,3276
106,50,0,3274
105,50,0,3271
104,50,0,3273
103,50,0,3274
102,50,0,3270
101,50,0,3271
100,50,0,3273
99,50,0,3275
98,50,0,3277
97,50,0,3269
96,50,0,3278
95,50,0,3282
94,50,0,3279
93,50,0,3279
92,50,0,3279
91,50,0,3280
90,50,0,3275
89,50,0,3266
